{"RuleTriggered": 0, "Violations": 342, "Details": {"low_gpu_utilization": 724, "bottlenecks": {"1654625131.000221": {"GPUs": 1, "CPUs": 4}, "1654625131.502625": {"GPUs": 1, "CPUs": 3}, "1654625132.006054": {"GPUs": 1, "CPUs": 4}, "1654625132.500445": {"GPUs": 1, "CPUs": 3}, "1654625133.004952": {"GPUs": 1, "CPUs": 4}, "1654625133.500265": {"GPUs": 1, "CPUs": 4}, "1654625134.001007": {"GPUs": 1, "CPUs": 4}, "1654625134.540963": {"GPUs": 1, "CPUs": 3}, "1654625135.007614": {"GPUs": 1, "CPUs": 4}, "1654625135.510128": {"GPUs": 1, "CPUs": 4}, "1654625136.507874": {"GPUs": 1, "CPUs": 4}, "1654625137.007163": {"GPUs": 1, "CPUs": 4}, "1654625137.503224": {"GPUs": 1, "CPUs": 4}, "1654625138.000379": {"GPUs": 1, "CPUs": 4}, "1654625138.501222": {"GPUs": 1, "CPUs": 2}, "1654625139.000643": {"GPUs": 1, "CPUs": 2}, "1654625139.501934": {"GPUs": 1, "CPUs": 2}, "1654625140.006513": {"GPUs": 1, "CPUs": 3}, "1654625141.001892": {"GPUs": 1, "CPUs": 2}, "1654625141.50035": {"GPUs": 1, "CPUs": 4}, "1654625142.00032": {"GPUs": 1, "CPUs": 4}, "1654625142.508049": {"GPUs": 1, "CPUs": 4}, "1654625143.000252": {"GPUs": 1, "CPUs": 1}, "1654625143.500549": {"GPUs": 1, "CPUs": 1}, "1654625144.002184": {"GPUs": 1, "CPUs": 3}, "1654625144.500264": {"GPUs": 1, "CPUs": 3}, "1654625145.000271": {"GPUs": 1, "CPUs": 1}, "1654625145.500216": {"GPUs": 1, "CPUs": 2}, "1654625146.000237": {"GPUs": 1, "CPUs": 2}, "1654625146.500241": {"GPUs": 1, "CPUs": 2}, "1654625147.000215": {"GPUs": 1, "CPUs": 3}, "1654625147.500216": {"GPUs": 1, "CPUs": 2}, "1654625148.00024": {"GPUs": 1, "CPUs": 2}, "1654625148.500227": {"GPUs": 1, "CPUs": 2}, "1654625149.000239": {"GPUs": 1, "CPUs": 2}, "1654625149.50768": {"GPUs": 1, "CPUs": 1}, "1654625151.027464": {"GPUs": 1, "CPUs": 3}, "1654625152.505188": {"GPUs": 1, "CPUs": 4}, "1654625153.500245": {"GPUs": 1, "CPUs": 4}, "1654625154.50028": {"GPUs": 1, "CPUs": 4}, "1654625155.024712": {"GPUs": 1, "CPUs": 1}, "1654625156.506042": {"GPUs": 1, "CPUs": 2}, "1654625157.00025": {"GPUs": 1, "CPUs": 3}, "1654625157.500862": {"GPUs": 1, "CPUs": 1}, "1654625158.00253": {"GPUs": 1, "CPUs": 4}, "1654625158.500228": {"GPUs": 1, "CPUs": 4}, "1654625159.000553": {"GPUs": 1, "CPUs": 3}, "1654625159.500248": {"GPUs": 1, "CPUs": 4}, "1654625160.000237": {"GPUs": 1, "CPUs": 3}, "1654625160.500239": {"GPUs": 1, "CPUs": 1}, "1654625161.000248": {"GPUs": 1, "CPUs": 1}, "1654625162.500253": {"GPUs": 1, "CPUs": 4}, "1654625163.000215": {"GPUs": 1, "CPUs": 2}, "1654625164.000386": {"GPUs": 1, "CPUs": 2}, "1654625164.505013": {"GPUs": 1, "CPUs": 4}, "1654625165.000242": {"GPUs": 1, "CPUs": 4}, "1654625165.500245": {"GPUs": 1, "CPUs": 2}, "1654625166.000417": {"GPUs": 1, "CPUs": 3}, "1654625166.501745": {"GPUs": 1, "CPUs": 1}, "1654625167.003008": {"GPUs": 1, "CPUs": 3}, "1654625167.513447": {"GPUs": 1, "CPUs": 3}, "1654625169.50108": {"GPUs": 1, "CPUs": 4}, "1654625172.500252": {"GPUs": 1, "CPUs": 2}, "1654625173.000239": {"GPUs": 1, "CPUs": 1}, "1654625173.500246": {"GPUs": 1, "CPUs": 1}, "1654625174.503853": {"GPUs": 1, "CPUs": 4}, "1654625175.500247": {"GPUs": 1, "CPUs": 1}, "1654625176.000211": {"GPUs": 1, "CPUs": 1}, "1654625176.500243": {"GPUs": 1, "CPUs": 2}, "1654625177.000437": {"GPUs": 1, "CPUs": 2}, "1654625177.500244": {"GPUs": 1, "CPUs": 2}, "1654625178.000212": {"GPUs": 1, "CPUs": 1}, "1654625185.000246": {"GPUs": 1, "CPUs": 3}, "1654625186.005848": {"GPUs": 1, "CPUs": 1}, "1654625187.500224": {"GPUs": 1, "CPUs": 1}, "1654625193.500244": {"GPUs": 1, "CPUs": 1}, "1654625194.000243": {"GPUs": 1, "CPUs": 2}, "1654625194.500213": {"GPUs": 1, "CPUs": 1}, "1654625195.000235": {"GPUs": 1, "CPUs": 1}, "1654625197.000238": {"GPUs": 1, "CPUs": 2}, "1654625197.5002": {"GPUs": 1, "CPUs": 2}, "1654625198.501694": {"GPUs": 1, "CPUs": 1}, "1654625200.000219": {"GPUs": 1, "CPUs": 1}, "1654625200.500212": {"GPUs": 1, "CPUs": 1}, "1654625201.00027": {"GPUs": 1, "CPUs": 1}, "1654625201.500255": {"GPUs": 1, "CPUs": 1}, "1654625203.000223": {"GPUs": 1, "CPUs": 1}, "1654625203.500218": {"GPUs": 1, "CPUs": 1}, "1654625204.000226": {"GPUs": 1, "CPUs": 1}, "1654625204.502072": {"GPUs": 1, "CPUs": 2}, "1654625205.004112": {"GPUs": 1, "CPUs": 1}, "1654625205.500222": {"GPUs": 1, "CPUs": 1}, "1654625206.000761": {"GPUs": 1, "CPUs": 1}, "1654625211.500297": {"GPUs": 1, "CPUs": 3}, "1654625212.001796": {"GPUs": 1, "CPUs": 3}, "1654625212.500242": {"GPUs": 1, "CPUs": 1}, "1654625213.010216": {"GPUs": 1, "CPUs": 2}, "1654625217.500237": {"GPUs": 1, "CPUs": 1}, "1654625218.000227": {"GPUs": 1, "CPUs": 1}, "1654625218.500214": {"GPUs": 1, "CPUs": 1}, "1654625219.000262": {"GPUs": 1, "CPUs": 1}, "1654625220.000239": {"GPUs": 1, "CPUs": 2}, "1654625220.500237": {"GPUs": 1, "CPUs": 2}, "1654625221.000223": {"GPUs": 1, "CPUs": 2}, "1654625221.500228": {"GPUs": 1, "CPUs": 2}, "1654625222.000232": {"GPUs": 1, "CPUs": 3}, "1654625226.500296": {"GPUs": 1, "CPUs": 1}, "1654625229.500225": {"GPUs": 1, "CPUs": 2}, "1654625235.50032": {"GPUs": 1, "CPUs": 1}, "1654625236.000259": {"GPUs": 1, "CPUs": 1}, "1654625238.50025": {"GPUs": 1, "CPUs": 1}, "1654625239.00024": {"GPUs": 1, "CPUs": 1}, "1654625239.500233": {"GPUs": 1, "CPUs": 1}, "1654625240.000227": {"GPUs": 1, "CPUs": 1}, "1654625240.500217": {"GPUs": 1, "CPUs": 1}, "1654625241.000222": {"GPUs": 1, "CPUs": 1}, "1654625241.500227": {"GPUs": 1, "CPUs": 1}, "1654625242.000258": {"GPUs": 1, "CPUs": 1}, "1654625242.500185": {"GPUs": 1, "CPUs": 1}, "1654625243.000258": {"GPUs": 1, "CPUs": 2}, "1654625243.500229": {"GPUs": 1, "CPUs": 1}, "1654625244.000216": {"GPUs": 1, "CPUs": 1}, "1654625244.500227": {"GPUs": 1, "CPUs": 1}, "1654625245.000181": {"GPUs": 1, "CPUs": 1}, "1654625245.500228": {"GPUs": 1, "CPUs": 1}, "1654625258.500238": {"GPUs": 1, "CPUs": 1}, "1654625259.000228": {"GPUs": 1, "CPUs": 1}, "1654625266.000225": {"GPUs": 1, "CPUs": 1}, "1654625267.500232": {"GPUs": 1, "CPUs": 1}, "1654625268.000236": {"GPUs": 1, "CPUs": 1}, "1654625268.500238": {"GPUs": 1, "CPUs": 1}, "1654625270.000228": {"GPUs": 1, "CPUs": 1}, "1654625274.500271": {"GPUs": 1, "CPUs": 1}, "1654625278.507426": {"GPUs": 1, "CPUs": 4}, "1654625279.001335": {"GPUs": 1, "CPUs": 4}, "1654625282.006183": {"GPUs": 1, "CPUs": 4}, "1654625282.510053": {"GPUs": 1, "CPUs": 3}, "1654625283.004585": {"GPUs": 1, "CPUs": 3}, "1654625283.502052": {"GPUs": 1, "CPUs": 4}, "1654625284.004954": {"GPUs": 1, "CPUs": 4}, "1654625284.518015": {"GPUs": 1, "CPUs": 4}, "1654625285.004731": {"GPUs": 1, "CPUs": 4}, "1654625286.502063": {"GPUs": 1, "CPUs": 4}, "1654625287.00023": {"GPUs": 1, "CPUs": 4}, "1654625287.502067": {"GPUs": 1, "CPUs": 3}, "1654625288.033409": {"GPUs": 1, "CPUs": 2}, "1654625288.500258": {"GPUs": 1, "CPUs": 1}, "1654625292.500243": {"GPUs": 1, "CPUs": 1}, "1654625293.000249": {"GPUs": 1, "CPUs": 1}, "1654625295.501822": {"GPUs": 1, "CPUs": 1}, "1654625296.000226": {"GPUs": 1, "CPUs": 1}, "1654625296.500218": {"GPUs": 1, "CPUs": 1}, "1654625301.000224": {"GPUs": 1, "CPUs": 1}, "1654625318.000221": {"GPUs": 1, "CPUs": 1}, "1654625329.000231": {"GPUs": 1, "CPUs": 1}, "1654625332.001869": {"GPUs": 1, "CPUs": 1}, "1654625335.00025": {"GPUs": 1, "CPUs": 1}, "1654625338.500246": {"GPUs": 1, "CPUs": 1}, "1654625339.50022": {"GPUs": 1, "CPUs": 1}, "1654625341.501537": {"GPUs": 1, "CPUs": 1}, "1654625344.500345": {"GPUs": 1, "CPUs": 1}, "1654625345.000838": {"GPUs": 1, "CPUs": 1}, "1654625349.500218": {"GPUs": 1, "CPUs": 1}, "1654625357.000247": {"GPUs": 1, "CPUs": 1}, "1654625358.000259": {"GPUs": 1, "CPUs": 1}, "1654625358.500241": {"GPUs": 1, "CPUs": 1}, "1654625360.500241": {"GPUs": 1, "CPUs": 1}, "1654625366.000296": {"GPUs": 1, "CPUs": 1}, "1654625366.500236": {"GPUs": 1, "CPUs": 1}, "1654625367.500249": {"GPUs": 1, "CPUs": 1}, "1654625371.500236": {"GPUs": 1, "CPUs": 1}, "1654625375.500368": {"GPUs": 1, "CPUs": 1}, "1654625380.500235": {"GPUs": 1, "CPUs": 1}, "1654625381.500222": {"GPUs": 1, "CPUs": 1}, "1654625385.000254": {"GPUs": 1, "CPUs": 1}, "1654625386.500229": {"GPUs": 1, "CPUs": 1},