{"RuleTriggered": 0, "Violations": 45, "Details": {"low_gpu_utilization": 724, "bottlenecks": {"1654625131.502625": {"GPUs": 1, "CPUs": 1}, "1654625146.000237": {"GPUs": 1, "CPUs": 2}, "1654625146.500241": {"GPUs": 1, "CPUs": 2}, "1654625149.000239": {"GPUs": 1, "CPUs": 1}, "1654625160.500239": {"GPUs": 1, "CPUs": 1}, "1654625172.500252": {"GPUs": 1, "CPUs": 1}, "1654625175.500247": {"GPUs": 1, "CPUs": 2}, "1654625176.500243": {"GPUs": 1, "CPUs": 2}, "1654625177.000437": {"GPUs": 1, "CPUs": 2}, "1654625177.500244": {"GPUs": 1, "CPUs": 2}, "1654625178.000212": {"GPUs": 1, "CPUs": 1}, "1654625193.500244": {"GPUs": 1, "CPUs": 1}, "1654625194.500213": {"GPUs": 1, "CPUs": 1}, "1654625201.00027": {"GPUs": 1, "CPUs": 1}, "1654625201.500255": {"GPUs": 1, "CPUs": 1}, "1654625202.000314": {"GPUs": 1, "CPUs": 1}, "1654625204.502072": {"GPUs": 1, "CPUs": 1}, "1654625205.004112": {"GPUs": 1, "CPUs": 2}, "1654625205.500222": {"GPUs": 1, "CPUs": 1}, "1654625212.500242": {"GPUs": 1, "CPUs": 1}, "1654625217.500237": {"GPUs": 1, "CPUs": 1}, "1654625218.000227": {"GPUs": 1, "CPUs": 1}, "1654625218.500214": {"GPUs": 1, "CPUs": 1}, "1654625219.000262": {"GPUs": 1, "CPUs": 2}, "1654625219.500225": {"GPUs": 1, "CPUs": 1}, "1654625220.000239": {"GPUs": 1, "CPUs": 2}, "1654625220.500237": {"GPUs": 1, "CPUs": 2}, "1654625221.000223": {"GPUs": 1, "CPUs": 2}, "1654625221.500228": {"GPUs": 1, "CPUs": 1}, "1654625222.000232": {"GPUs": 1, "CPUs": 2}, "1654625238.50025": {"GPUs": 1, "CPUs": 1}, "1654625239.00024": {"GPUs": 1, "CPUs": 2}, "1654625239.500233": {"GPUs": 1, "CPUs": 1}, "1654625240.000227": {"GPUs": 1, "CPUs": 2}, "1654625240.500217": {"GPUs": 1, "CPUs": 1}, "1654625241.000222": {"GPUs": 1, "CPUs": 2}, "1654625241.500227": {"GPUs": 1, "CPUs": 1}, "1654625242.000258": {"GPUs": 1, "CPUs": 1}, "1654625242.500185": {"GPUs": 1, "CPUs": 2}, "1654625243.000258": {"GPUs": 1, "CPUs": 2}, "1654625243.500229": {"GPUs": 1, "CPUs": 1}, "1654625244.000216": {"GPUs": 1, "CPUs": 2}, "1654625244.500227": {"GPUs": 1, "CPUs": 2}, "1654625245.000181": {"GPUs": 1, "CPUs": 1}, "1654625245.500228": {"GPUs": 1, "CPUs": 1}}}, "Datapoints": 925, "RuleParameters": "threshold:50\nio_threshold:50\ngpu_threshold:10\npatience:1000"}