{"RuleTriggered": 0, "Violations": 0, "Details": {"ratio": {"gpu_functions-dev:0": 53.266397306001586, "cpu_functions": 46.73360269399841}, "phase": {"Step:ModeKeys.TRAIN": 28.18596492304577, "others": 65.72386239644527, "Step:ModeKeys.EVAL": 6.090172680508953}, "phase_time": {}, "CPU": {"conv2d": 17.572555963828812, "convolution": 17.322546200187645, "_convolution": 17.168313972058122, "cudnn_convolution": 15.476458120337105, "to": 13.917623932395035, "copy_": 14.93812273487309, "addmm": 3.604379076320188}, "CPU_total": {"conv2d": 2902170, "convolution": 2860880, "_convolution": 2835408, "cudnn_convolution": 2555992, "to": 2298545, "copy_": 2467084, "addmm": 595276}, "GPU": {"conv2d": 17.993719888512736, "convolution": 17.966690437475165, "_convolution": 17.955834828407085, "cudnn_convolution": 17.86323878138813, "to": 12.07271472859748, "copy_": 12.98390708068994, "addmm": 3.1638942549294677}, "GPU_total": {"conv2d": 3366485, "convolution": 3361428, "_convolution": 3359397, "cudnn_convolution": 3342073, "to": 2258711, "copy_": 2429188, "addmm": 591940}, "general": {"Forward": 100.0}}, "Datapoints": 0, "RuleParameters": ""}