{"RuleTriggered": 0, "Violations": 0, "Details": {"step_details": {"algo-1-27": {"step_stats": {"mean": 0.24382419905213273, "max": 13.829106, "p99": 3.2189232000000003, "p95": 2.2336265, "p50": 0.024606, "min": 0.017602}, "number_of_outliers": 1, "phase": "Step:ModeKeys.TRAIN", "stddev": 1.15, "probs": [199, 0, 0, 0, 0, 0, 0, 0, 0, 0, 0, 0, 0, 0, 0, 0, 0, 0, 0, 0, 0, 0, 0, 0, 0, 0, 0, 0, 0, 0, 0, 0, 0, 0, 0, 0, 0, 0, 0, 0, 0, 0, 0, 0, 0, 0, 0, 0, 1, 0, 0, 0, 0, 0, 0, 0, 0, 0, 0, 0, 0, 0, 0, 0, 0, 0, 0, 0, 0, 0, 0, 0, 0, 0, 0, 0, 0, 0, 0, 0, 0, 0, 0, 0, 0, 0, 0, 0, 0, 1, 0, 0, 0, 2, 0, 1, 0, 2, 2, 2], "binedges": [0.017602, 0.04967813, 0.08175426, 0.11383039, 0.14590652, 0.17798265000000002, 0.21005878, 0.24213491, 0.27421104, 0.30628717, 0.33836330000000003, 0.37043943, 0.40251556, 0.43459169000000003, 0.46666782, 0.49874395000000005, 0.53082008, 0.56289621, 0.59497234, 0.6270484700000001, 0.6591246000000001, 0.69120073, 0.72327686, 0.75535299, 0.78742912, 0.8195052500000001, 0.85158138, 0.88365751, 0.91573364, 0.94780977, 0.9798859000000001, 1.01196203, 1.04403816, 1.07611429, 1.10819042, 1.14026655, 1.1723426799999999, 1.20441881, 1.23649494, 1.26857107, 1.3006472, 1.3327233299999999, 1.36479946, 1.39687559, 1.42895172, 1.46102785, 1.4931039799999999, 1.52518011, 1.5572562399999998, 1.58933237, 1.6214085, 1.65348463, 1.68556076, 1.7176368899999999, 1.74971302, 1.78178915, 1.81386528, 1.84594141, 1.8780175399999999, 1.91009367, 1.9421698, 1.97424593, 2.00632206, 2.03839819, 2.07047432, 2.1025504500000003, 2.1346265800000004, 2.16670271, 2.19877884, 2.23085497, 2.2629311000000003, 2.2950072300000004, 2.32708336, 2.35915949, 2.3912356200000002, 2.4233117500000003, 2.4553878800000004, 2.48746401, 2.51954014, 2.5516162700000002, 2.5836924000000003, 2.6157685300000004, 2.64784466, 2.67992079, 2.7119969200000003, 2.7440730500000003, 2.7761491800000004, 2.80822531, 2.84030144, 2.8723775700000003, 2.9044537000000004, 2.9365298300000005, 2.96860596, 3.00068209, 3.0327582200000003, 3.0648343500000004, 3.09691048, 3.12898661, 3.16106274, 3.1931388700000003, 3.225215], "step_numbers": ["0"]}}}, "Datapoints": 239, "RuleParameters": "threshold:3\nmode:None\nn_outliers:10\nstddev:3"}